Question,Answer
"Apa langkah pertama dalam pengajuan surat keterangan online?,""Mahasiswa harus membuka situs https://surat-akademik.pnj.ac.id dan melakukan login menggunakan NIM serta password yang telah terdaftar. Setelah berhasil login, mahasiswa akan diarahkan ke dashboard untuk memilih layanan surat yang dibutuhkan. Pastikan koneksi internet stabil agar tidak terjadi kendala dalam proses akses sistem."""
"Bagaimana jika data mahasiswa tidak ditemukan saat pengajuan surat?,""Jika data mahasiswa tidak ditemukan saat mengajukan surat keterangan, kemungkinan besar data belum diperbarui di database akademik atau ada kesalahan input. Mahasiswa sebaiknya mengecek kembali informasi yang dimasukkan, seperti NIM dan nama lengkap. Apabila masih terjadi kendala, mahasiswa harus menghubungi bagian akademik untuk memastikan data sudah terdaftar dan aktif dalam sistem."""
"Apa yang harus dilakukan setelah memilih jenis surat keterangan?,""Setelah memilih jenis surat keterangan yang diinginkan, mahasiswa harus mengisi nomor HP yang aktif agar dapat menerima notifikasi status pengajuan surat. Langkah ini penting karena semua pemberitahuan mengenai proses surat akan dikirimkan melalui sistem. Selain itu, pastikan data yang dimasukkan sudah benar sebelum menekan tombol 'Ajukan' untuk menghindari kesalahan dalam pemrosesan surat."
"Bagaimana cara mengetahui apakah surat sudah siap diambil?,""Mahasiswa akan menerima notifikasi melalui sistem atau SMS ke nomor yang telah dimasukkan saat pengajuan surat. Selain itu, mahasiswa juga bisa mengecek status surat secara langsung dengan login kembali ke sistem dan melihat status pengajuan pada dashboard. Jika status berubah menjadi 'Selesai', surat sudah bisa diambil atau diunduh sesuai kebijakan kampus""."""
"Siapa yang bertanggung jawab memverifikasi pengajuan surat?,""Bagian Akademik dan Kemahasiswaan bertanggung jawab dalam proses verifikasi dan validasi pengajuan surat mahasiswa. Setelah mahasiswa mengajukan surat, bagian akademik akan mengecek keabsahan data yang telah diinput dan memastikan sesuai dengan database akademik. Jika ada kendala atau kekurangan dokumen, bagian akademik akan menghubungi mahasiswa untuk melengkapi atau memperbaiki pengajuan suratnya."""
"Apa syarat utama untuk mengajukan surat kehilangan ijazah?,""Mahasiswa yang kehilangan ijazah harus mengajukan Surat Kehilangan dari Kepolisian sebagai syarat utama. Dokumen ini harus diunggah dalam format PDF atau JPG melalui sistem pengajuan di website akademik. Tanpa surat dari kepolisian, pengajuan tidak akan diproses karena surat ini menjadi bukti resmi kehilangan."""
"Bagaimana jika unggahan Surat Kehilangan ditolak sistem?,""Jika sistem menolak unggahan Surat Kehilangan, penyebabnya bisa jadi format file tidak sesuai atau ukuran file terlalu besar. Mahasiswa harus memastikan bahwa file yang diunggah memiliki format yang didukung oleh sistem, yaitu PDF atau JPG. Jika kendala tetap terjadi, mahasiswa bisa mencoba mengompresi file atau menghubungi bagian akademik untuk bantuan lebih lanjut."""
"Siapa yang berwenang menandatangani surat kehilangan ijazah?,""Surat kehilangan ijazah akan ditandatangani oleh pejabat akademik yang berwenang, biasanya Wakil Direktur Bidang Akademik. Tanda tangan ini dilakukan secara digital untuk memastikan keabsahan dokumen dan mempermudah proses administrasi. Setelah ditandatangani, surat dapat langsung digunakan oleh mahasiswa untuk keperluan resmi yang membutuhkan bukti kehilangan ijazah."""
"Bagaimana cara mengambil surat kehilangan ijazah setelah diproses?,""Mahasiswa dapat mengambil surat kehilangan ijazah dengan dua cara, yaitu dengan mengunduhnya langsung dari sistem atau mengambil versi cetaknya di bagian akademik. Jika surat sudah selesai diproses, mahasiswa akan menerima notifikasi yang menginformasikan bahwa surat sudah siap. Bagi mahasiswa yang ingin mengambilnya langsung, pastikan membawa identitas diri untuk proses verifikasi saat pengambilan."""
"Apa yang terjadi jika status surat tetap 'Dalam Proses' lebih lama dari biasanya?,""Jika status pengajuan surat kehilangan ijazah tetap 'Dalam Proses' melebihi waktu normal, mahasiswa perlu menghubungi bagian akademik untuk memastikan tidak ada kendala dalam proses verifikasi. Terkadang, keterlambatan bisa terjadi karena banyaknya pengajuan yang harus diverifikasi oleh admin akademik. Untuk mempercepat proses, mahasiswa bisa mengecek kembali kelengkapan dokumen dan memastikan tidak ada kesalahan dalam pengajuan."""
"Bagaimana cara mengajukan surat keterangan kerusakan ijazah?,""Mahasiswa harus login ke sistem akademik dan memilih layanan pengajuan surat keterangan kerusakan ijazah. Setelah itu, mereka perlu mengisi data diri dan mengunggah bukti ijazah atau transkrip yang rusak dalam format PDF atau JPG. Pastikan semua informasi yang dimasukkan benar agar tidak ada kendala dalam proses verifikasi dan penerbitan surat."""
"Apa yang harus dilakukan jika unggahan bukti ijazah rusak tidak diterima?,""Jika sistem menolak unggahan bukti ijazah rusak, mahasiswa harus memeriksa kembali format file yang diunggah. Pastikan file berformat PDF atau JPG dan tidak melebihi batas ukuran yang diperbolehkan oleh sistem. Jika masalah tetap berlanjut, mahasiswa bisa mencoba mengompresi file atau meminta bantuan teknis kepada bagian akademik."""
"Apa langkah yang dilakukan setelah surat diterbitkan?,""Setelah surat diterbitkan dan ditandatangani oleh pejabat akademik, mahasiswa akan menerima notifikasi bahwa surat sudah siap diambil atau diunduh. Mahasiswa bisa masuk kembali ke sistem untuk melihat status surat dan mengunduhnya dalam format digital. Jika dibutuhkan dalam bentuk fisik, mahasiswa dapat mencetak sendiri atau mengambilnya di bagian akademik."""
"Bagaimana jika surat yang diterima berisi data yang salah?,""Jika mahasiswa menemukan kesalahan data pada surat yang telah diterima, mereka harus segera mengajukan revisi ke bagian akademik. Pengajuan revisi bisa dilakukan melalui sistem atau dengan datang langsung ke bagian akademik untuk melakukan klarifikasi. Pastikan membawa bukti pendukung seperti KTP atau dokumen akademik lainnya agar proses perbaikan lebih cepat dilakukan."""
"Bagaimana cara mengecek status pengajuan surat kerusakan ijazah?,""Mahasiswa dapat mengecek status pengajuan surat dengan login ke sistem akademik dan melihat dashboard akun mereka. Pada halaman utama, terdapat informasi mengenai status pengajuan apakah masih dalam proses, telah disetujui, atau sudah bisa diambil. Jika terjadi keterlambatan atau status tidak berubah, mahasiswa bisa langsung menghubungi bagian akademik untuk mendapatkan kepastian."""
"Apa langkah pertama dalam pengambilan ijazah dan transkrip nilai?,""Mahasiswa lulusan harus melengkapi dan menyerahkan persyaratan pengambilan ijazah dan transkrip nilai. Persyaratan ini meliputi fotokopi daftar nilai semester akhir, fotokopi sertifikat PKKP, serta bukti bebas masalah (bagi yang memiliki tunggakan biaya UKT, kewirausahaan, atau administrasi di jurusan)."""
"Bagaimana proses verifikasi dokumen pengambilan ijazah?,""Setelah mahasiswa menyerahkan persyaratan, bagian akademik akan memverifikasi kelengkapan dokumen. Jika dokumen dinyatakan lengkap dan valid, maka mahasiswa dapat melanjutkan ke tahap berikutnya. Jika terdapat kesalahan atau kekurangan, mahasiswa akan diminta untuk melengkapi atau memperbaiki dokumen terlebih dahulu."""
"Bagaimana cara mahasiswa menerima ijazah dan transkrip nilai?,""Setelah dokumen diverifikasi, mahasiswa dapat mengambil ijazah dan transkrip nilai yang telah disiapkan oleh bagian akademik. Proses ini memerlukan waktu sekitar 3 menit setelah verifikasi selesai."""
"Apa yang harus dilakukan setelah menerima ijazah dan transkrip nilai?,""Mahasiswa akan diberikan tanda terima sebagai bukti bahwa mereka telah menerima dokumen tersebut. Setelah menerima tanda terima, mahasiswa harus menandatangani dokumen tersebut sebagai konfirmasi pengambilan."""
"Apa yang harus dilakukan jika ada kesalahan dalam ijazah atau transkrip nilai?,""Jika mahasiswa menemukan kesalahan dalam ijazah atau transkrip nilai, mereka harus segera melaporkan ke bagian akademik. Bagian akademik akan mengecek kembali data yang ada di sistem dan melakukan revisi sesuai dengan prosedur yang berlaku."""
"Bagaimana cara mengajukan perubahan data mahasiswa?,""Mahasiswa harus mengunggah formulir permohonan perubahan data melalui website akademik PNJ. Formulir ini harus diisi dengan lengkap sesuai dengan perubahan data yang diinginkan."""
"Apa saja dokumen yang dibutuhkan untuk perubahan data mahasiswa?,""Mahasiswa harus melengkapi persyaratan yang sesuai dengan perubahan data yang diajukan. Misalnya, jika ingin mengubah nama atau tanggal lahir, mereka perlu menyertakan dokumen pendukung seperti KTP atau akta kelahiran."""
"Bagaimana proses verifikasi perubahan data mahasiswa?,""Setelah formulir dan dokumen pendukung diunggah, bagian akademik akan melakukan verifikasi untuk memastikan keabsahan data. Jika sudah terverifikasi, draft surat keterangan perubahan data akan dibuat dan dicek ulang sebelum disetujui."""
"Apa yang terjadi setelah surat keterangan perubahan data ditandatangani?,""Setelah ditandatangani oleh pejabat akademik, surat tersebut akan diunggah ke website PD Dikti sebagai bukti perubahan data resmi. Mahasiswa akan menerima notifikasi bahwa perubahan data sedang dalam proses persetujuan."""
"Bagaimana cara mengetahui apakah perubahan data sudah selesai?,""Setelah data diperbarui di sistem akademik dan PD Dikti, mahasiswa akan menerima notifikasi resmi. Mahasiswa juga dapat mengecek status perubahan data dengan login ke sistem akademik atau PD Dikti."""
"Apa langkah pertama dalam pengambilan ijazah dan transkrip nilai?,""Mahasiswa lulusan harus memastikan bahwa mereka telah memenuhi semua persyaratan administratif sebelum mengajukan pengambilan ijazah dan transkrip nilai. Langkah pertama adalah mengumpulkan dokumen yang diperlukan, yaitu fotokopi daftar nilai semester akhir, fotokopi sertifikat PKKP, serta bukti bebas masalah bagi mahasiswa yang memiliki tunggakan biaya UKT, kewirausahaan, atau administrasi di jurusan. Setelah semua dokumen siap, mahasiswa harus menyerahkannya ke bagian akademik untuk diverifikasi sebelum bisa mengambil ijazah dan transkrip nilai."""
"Bagaimana proses verifikasi dokumen pengambilan ijazah?,""Setelah mahasiswa menyerahkan dokumen persyaratan, bagian akademik akan melakukan verifikasi kelengkapan dan keabsahan dokumen tersebut. Verifikasi ini mencakup pemeriksaan status keuangan mahasiswa, validitas daftar nilai, dan sertifikat PKKP. Jika dokumen sudah lengkap dan valid, bagian akademik akan memberikan persetujuan agar mahasiswa dapat mengambil ijazah dan transkrip nilai. Namun, jika ada kekurangan atau kesalahan dalam dokumen, mahasiswa akan diminta untuk memperbaiki atau melengkapi dokumen sebelum proses bisa dilanjutkan."""
"Bagaimana cara mahasiswa menerima ijazah dan transkrip nilai?,""Setelah dokumen diverifikasi, bagian akademik akan menyerahkan ijazah dan transkrip nilai kepada mahasiswa. Proses ini dilakukan dalam waktu sekitar 3 menit setelah verifikasi selesai. Mahasiswa harus memastikan bahwa nama, NIM, dan informasi lain yang tercetak di dalam ijazah serta transkrip sudah benar sebelum meninggalkan loket pengambilan. Jika terdapat kesalahan, mahasiswa harus segera melaporkannya agar bisa segera diperbaiki melalui prosedur revisi dokumen akademik."""
"Apa yang harus dilakukan setelah menerima ijazah dan transkrip nilai?,""Setelah menerima dokumen, mahasiswa akan diberikan tanda terima sebagai bukti bahwa mereka telah mengambil ijazah dan transkrip nilai. Mahasiswa harus menandatangani tanda terima tersebut untuk menyatakan bahwa mereka telah menerima dokumen dalam kondisi yang baik dan sesuai dengan data akademik mereka. Tanda terima ini akan disimpan oleh bagian akademik sebagai arsip, sementara mahasiswa bisa menyimpan salinan untuk keperluan pribadi."""
"Apa yang harus dilakukan jika ada kesalahan dalam ijazah atau transkrip nilai?,""Jika mahasiswa menemukan kesalahan dalam ijazah atau transkrip nilai setelah pengambilan, mereka harus segera melaporkan masalah tersebut ke bagian akademik. Mahasiswa perlu mengajukan permohonan perbaikan dengan menyertakan dokumen pendukung seperti fotokopi KTP atau dokumen akademik lainnya yang menunjukkan data yang benar. Setelah permohonan diterima, bagian akademik akan melakukan verifikasi ulang dan, jika ditemukan kesalahan dari pihak kampus, revisi akan dilakukan tanpa biaya tambahan. Namun, jika kesalahan berasal dari data yang diberikan mahasiswa, mereka mungkin perlu mengikuti prosedur administratif tambahan untuk perbaikannya."""
"Bagaimana cara mengajukan perubahan data mahasiswa?,""Mahasiswa yang ingin mengubah data akademiknya harus mengunggah formulir permohonan perubahan data melalui website resmi PNJ di https://pnj.ac.id. Formulir ini harus diisi dengan lengkap sesuai dengan jenis perubahan yang diajukan, misalnya perubahan nama, tanggal lahir, atau NIM. Selain formulir, mahasiswa juga harus menyertakan dokumen pendukung seperti fotokopi KTP, akta kelahiran, atau dokumen akademik lain yang relevan. Setelah semua dokumen diunggah, sistem akan mencatat permohonan dan mengirimnya ke bagian akademik untuk diverifikasi."""
"Apa saja dokumen yang dibutuhkan untuk perubahan data mahasiswa?,""Jenis dokumen yang dibutuhkan tergantung pada perubahan data yang diajukan oleh mahasiswa. Jika ingin mengubah nama atau tanggal lahir, mahasiswa harus menyertakan fotokopi KTP dan akta kelahiran. Jika perubahan berkaitan dengan NIM atau program studi, maka diperlukan dokumen akademik seperti transkrip nilai atau surat dari fakultas. Mahasiswa disarankan untuk mengecek daftar persyaratan yang telah ditetapkan oleh bagian akademik sebelum mengajukan permohonan untuk menghindari keterlambatan dalam pemrosesan."""
"Bagaimana proses verifikasi perubahan data mahasiswa?,""Setelah formulir permohonan dan dokumen pendukung diunggah, bagian akademik akan melakukan verifikasi untuk memastikan keabsahan data yang diajukan. Verifikasi ini melibatkan pengecekan kesesuaian antara dokumen yang diajukan dengan data yang ada di sistem akademik dan database PD Dikti. Jika ditemukan ketidaksesuaian atau dokumen yang kurang lengkap, mahasiswa akan diminta untuk melengkapi dokumen sebelum perubahan data dapat diproses lebih lanjut."""
"Apa yang terjadi setelah surat keterangan perubahan data ditandatangani?,""Setelah proses verifikasi selesai dan perubahan data disetujui, bagian akademik akan menerbitkan surat keterangan perubahan data. Surat ini ditandatangani oleh pejabat akademik yang berwenang dan kemudian diunggah ke sistem akademik serta database PD Dikti untuk pembaruan data secara resmi. Mahasiswa akan menerima notifikasi melalui email atau SMS bahwa perubahan data telah berhasil dilakukan, dan mereka dapat mengunduh surat keterangan sebagai bukti sah perubahan tersebut."""
"Bagaimana cara mengetahui apakah perubahan data sudah selesai?,""Mahasiswa dapat mengecek status permohonan perubahan data dengan login ke sistem akademik atau website PD Dikti. Jika status sudah berubah menjadi 'Disetujui' atau 'Selesai', maka perubahan data telah berhasil diperbarui di sistem. Jika status masih 'Dalam Proses' setelah waktu yang cukup lama, mahasiswa dapat menghubungi bagian akademik untuk memastikan tidak ada kendala dalam pemrosesan perubahan data mereka."""
"Bagaimana prosedur pengajuan UKT 1 UKT 2 dan KIP Kuliah?,""Mahasiswa yang ingin mengajukan UKT 1 UKT 2 atau KIP Kuliah harus terlebih dahulu mengikuti pengumuman resmi yang diterbitkan oleh kampus. Setelah itu mereka wajib melakukan daftar ulang online melalui laman http://daftarulang.penerimaan.pnj.ac.id. Pada tahap ini mahasiswa harus memilih kategori UKT yang sesuai dengan kondisi ekonomi mereka dan melengkapi formulir pendaftaran."""
"Apa dokumen yang perlu disiapkan untuk pengajuan UKT dan KIP Kuliah?,""Mahasiswa harus mengisi data ekonomi serta mengunggah dokumen pendukung di web ukt.pnj.ac.id. Dokumen yang diperlukan meliputi KTP, Kartu Keluarga, surat keterangan penghasilan orang tua, serta bukti lainnya yang mendukung klaim kondisi ekonomi mahasiswa. Semua dokumen ini harus diunggah dalam format yang sesuai agar dapat diverifikasi oleh tim akademik."""
"Bagaimana proses verifikasi pengajuan UKT dan KIP Kuliah?,""Setelah mahasiswa mengunggah dokumen, bagian akademik akan melakukan validasi terhadap data ekonomi dan persyaratan yang diberikan. Proses ini dapat memakan waktu hingga 3 jam. Jika dokumen memenuhi syarat, mahasiswa akan diusulkan sebagai penerima UKT 1, UKT 2, atau KIP Kuliah. Namun, jika dokumen tidak valid, mahasiswa akan menerima notifikasi penolakan dan perlu mengajukan ulang dengan dokumen yang lebih lengkap."""
"Apa yang terjadi setelah mahasiswa lolos verifikasi UKT atau KIP Kuliah?,""Mahasiswa yang lolos verifikasi akan masuk dalam daftar nama penerima UKT atau KIP Kuliah yang disahkan dalam bentuk SK Penetapan. SK ini akan diparaf dan ditandatangani oleh pejabat berwenang sebelum diumumkan secara resmi. Setelah SK diterbitkan, mahasiswa penerima UKT 1 dan UKT 2 diwajibkan melakukan pembayaran melalui bank yang ditunjuk, sedangkan penerima KIP Kuliah tidak perlu melakukan pembayaran."""
"Bagaimana mahasiswa mendapatkan Kartu Tanda Mahasiswa setelah pengajuan UKT selesai?,""Setelah menyelesaikan seluruh proses administrasi, mahasiswa yang telah melakukan pembayaran (untuk UKT 1 dan UKT 2) atau yang telah disahkan sebagai penerima KIP Kuliah akan mendapatkan Kartu Tanda Mahasiswa Sementara (KTMS). Kartu ini bisa diunduh melalui sistem akademik dan digunakan hingga Kartu Tanda Mahasiswa resmi diterbitkan."""
"Bagaimana prosedur daftar ulang Mahasiswa Afirmasi Dikti (ADIK)?,""Mahasiswa yang diterima melalui program Afirmasi Dikti (ADIK) akan menerima SK Penetapan Mahasiswa dari Kemendikbudristek. Setelah itu, kampus akan mendisposisikan SK ke bagian akademik dan kemahasiswaan untuk mempersiapkan daftar ulang. Pengumuman mengenai daftar ulang akan dibuat dan diunggah di situs web kampus agar mahasiswa dapat mengikuti prosedur yang benar."""
"Bagaimana cara mahasiswa ADIK melakukan daftar ulang?,""Mahasiswa program ADIK harus melakukan daftar ulang secara online sesuai dengan informasi yang diberikan dalam pengumuman resmi. Mereka juga harus menyerahkan berkas daftar ulang sesuai ketentuan, termasuk dokumen identitas, bukti SK penerimaan, dan dokumen pendukung lainnya. Setelah berkas diterima dan diverifikasi oleh bagian akademik, mahasiswa akan dinyatakan resmi terdaftar sebagai mahasiswa Politeknik Negeri Jakarta."
"Apa yang terjadi setelah mahasiswa ADIK menyelesaikan daftar ulang?,""Setelah daftar ulang selesai, bagian akademik akan membuat SK Penetapan mahasiswa baru program ADIK. SK ini harus diverifikasi, diparaf, dan ditandatangani sebelum dikirim ke jurusan dan unit terkait. Setelah mahasiswa masuk dalam sistem akademik, datanya juga akan dikirimkan ke sistem ADIK Kemendikbud untuk memastikan pencatatan resmi."""
"Bagaimana mahasiswa ADIK mengetahui status daftar ulang mereka?,""Mahasiswa dapat mengecek status daftar ulang melalui sistem akademik kampus. Jika status daftar ulang masih dalam proses setelah batas waktu tertentu, mahasiswa disarankan untuk menghubungi bagian akademik untuk memastikan tidak ada kendala dalam verifikasi berkas. Setelah SK Penetapan diterbitkan, mahasiswa juga akan mendapatkan notifikasi resmi bahwa mereka telah terdaftar dalam program ADIK."""
"Bagaimana jika ada kesalahan dalam data mahasiswa ADIK setelah daftar ulang?,""Jika terdapat kesalahan dalam data mahasiswa setelah daftar ulang, seperti nama atau NIM yang tidak sesuai, mahasiswa harus segera melaporkan ke bagian akademik. Bagian akademik akan melakukan verifikasi ulang terhadap dokumen asli dan memperbarui data di sistem akademik serta PD Dikti jika diperlukan. Mahasiswa disarankan untuk mengecek kembali data mereka sebelum proses finalisasi agar tidak terjadi kesalahan yang berkelanjutan."""
"Bagaimana prosedur legalisir ijazah dan transkrip nilai?,""Alumni yang ingin melakukan legalisir ijazah dan transkrip nilai harus terlebih dahulu mengisi tracer study melalui website resmi kampus. Setelah itu, mereka harus mengisi formulir legalisir dan menyerahkan fotokopi ijazah serta transkrip nilai yang ingin dilegalisir. Seluruh dokumen harus diserahkan ke bagian akademik untuk diverifikasi sebelum diproses lebih lanjut."""
"Bagaimana proses validasi dokumen untuk legalisir ijazah?,""Setelah menerima dokumen dari alumni, bagian akademik akan melakukan validasi keaslian dokumen dengan mencocokkannya melalui Sistem Informasi Akademik (SIAK). Proses ini bertujuan untuk memastikan bahwa data pada ijazah dan transkrip nilai sesuai dengan catatan resmi kampus. Jika dokumen dinyatakan asli dan sesuai, maka proses legalisir akan dilanjutkan dengan stempel resmi kampus."""
"Apa yang terjadi setelah dokumen divalidasi dan distempel?,""Setelah proses validasi selesai, fotokopi ijazah dan transkrip nilai akan distempel sebagai tanda bahwa dokumen telah dilegalisir secara resmi. Dokumen yang telah dilegalisir kemudian dikirimkan ke Wakil Direktur I untuk ditandatangani sebagai bentuk pengesahan resmi. Setelah dokumen ditandatangani, status legalisir akan diperbarui di sistem akademik dan alumni bisa mengambil dokumen yang telah dilegalisir di bagian akademik."""
"Bagaimana cara alumni mengambil hasil legalisir ijazah dan transkrip nilai?,""Setelah dokumen selesai dilegalisir dan diperbarui di sistem, alumni akan diminta untuk mencatat pengambilan dokumen dalam buku tanda terima legalisir. Alumni dapat mengambil dokumen yang telah dilegalisir di bagian akademik dengan membawa bukti pengajuan legalisir sebelumnya. Jika alumni tidak dapat mengambilnya secara langsung, mereka dapat memberikan kuasa kepada pihak lain dengan surat kuasa resmi yang disertai fotokopi identitas pemberi dan penerima kuasa."""
"Bagaimana jika terdapat kesalahan dalam hasil legalisir?,""Jika alumni menemukan kesalahan dalam hasil legalisir, seperti kesalahan penulisan nama atau NIM, mereka harus segera melaporkan ke bagian akademik. Bagian akademik akan melakukan pengecekan ulang terhadap data asli di sistem akademik dan melakukan perbaikan jika memang terdapat kesalahan dari pihak kampus. Jika kesalahan berasal dari dokumen yang diajukan oleh alumni, maka alumni harus mengajukan ulang proses legalisir dengan dokumen yang benar."""
"Bagaimana prosedur pemberian beasiswa kepada mahasiswa dari lembaga swasta?,""Pemberian beasiswa dari lembaga swasta dimulai dengan penerimaan surat resmi dari pihak pemberi beasiswa yang dikirim ke kampus. Surat ini akan didisposisikan ke Koordinator Akademik dan Kemahasiswaan untuk ditindaklanjuti dalam bentuk seleksi mahasiswa penerima beasiswa. Setelah itu, kampus akan membuat surat pengumuman seleksi yang akan diumumkan kepada mahasiswa melalui website kampus dan jurusan terkait."""
"Bagaimana proses pendaftaran beasiswa dari lembaga swasta?,""Mahasiswa yang ingin mendaftar beasiswa harus membaca pengumuman resmi yang telah dipublikasikan oleh kampus. Mereka harus melengkapi persyaratan administrasi yang telah ditentukan dalam pengumuman, seperti transkrip nilai, surat rekomendasi, dan dokumen pendukung lainnya. Selanjutnya, mahasiswa harus mengunggah berkas pendaftaran melalui sistem akademik atau menyerahkan langsung ke bagian akademik untuk diverifikasi."""
"Bagaimana proses seleksi penerima beasiswa?,""Setelah pendaftaran ditutup, bagian akademik akan menyeleksi mahasiswa berdasarkan kriteria yang telah ditentukan oleh lembaga pemberi beasiswa. Proses seleksi ini melibatkan pengecekan nilai akademik, latar belakang ekonomi, serta persyaratan tambahan yang mungkin diminta oleh pemberi beasiswa. Mahasiswa yang lolos seleksi akan dimasukkan dalam daftar penerima beasiswa yang kemudian diverifikasi ulang sebelum diumumkan secara resmi."""
"Apa langkah selanjutnya setelah mahasiswa dinyatakan sebagai penerima beasiswa?,""Setelah daftar penerima beasiswa disusun, bagian akademik akan membuat Draft SK Direktur yang menetapkan nama-nama penerima beasiswa secara resmi. Draft ini akan diperiksa, diparaf, dan ditandatangani oleh pejabat akademik sebelum diumumkan kepada mahasiswa melalui website kampus. Setelah SK disahkan, bagian keuangan akan menerima pemberitahuan tentang transfer dana dari lembaga pemberi beasiswa ke rekening kampus."""
"Bagaimana proses pencairan dana beasiswa kepada mahasiswa?,""Setelah dana beasiswa ditransfer ke rekening kampus, bagian keuangan akan mencocokkan data mahasiswa penerima dengan rekening mereka. Selanjutnya, dana akan ditransfer langsung ke rekening masing-masing mahasiswa sesuai dengan jumlah yang telah ditentukan dalam SK. Mahasiswa akan menerima notifikasi bahwa dana telah ditransfer, dan mereka harus menandatangani tanda terima sebagai bukti pencairan beasiswa."""
"Bagaimana prosedur pemberian beasiswa kepada mahasiswa dari pemerintah?,""Pemberian beasiswa dari pemerintah diawali dengan diterimanya surat pemberitahuan dari pihak pemberi beasiswa, yang kemudian didisposisikan ke Wakil Direktur 3. Setelah itu, Koordinator Akademik dan Kemahasiswaan akan menginstruksikan proses pembuatan surat dan pengumuman beasiswa. Pengumuman ini akan didistribusikan ke jurusan dan diumumkan melalui website resmi kampus agar mahasiswa dapat melakukan pendaftaran sesuai prosedur yang telah ditetapkan."""
"Bagaimana proses seleksi penerima beasiswa dari pemerintah?,""Mahasiswa yang mendaftar melalui jurusan akan diseleksi berdasarkan kriteria yang ditetapkan oleh pemerintah. Seleksi ini mencakup pemeriksaan kelayakan akademik, latar belakang ekonomi, serta persyaratan administratif lainnya. Setelah seleksi selesai, daftar mahasiswa yang lolos akan diproses untuk verifikasi berkas dan ditetapkan dalam Surat Keputusan (SK) Direktur sebelum diumumkan secara resmi."""
"Bagaimana proses pencairan dana beasiswa kepada mahasiswa?,""Setelah SK penetapan beasiswa diterbitkan dan diumumkan, daftar penerima akan dikirim ke sistem Kemendikbud. Bagian keuangan kampus akan menerima transfer dana dari pemerintah, yang kemudian akan disalurkan langsung ke rekening masing-masing mahasiswa penerima beasiswa. Mahasiswa akan diinformasikan bahwa dana telah ditransfer, dan mereka harus menandatangani tanda terima sebagai bukti pencairan beasiswa."""
"Bagaimana prosedur pembuatan deskripsi mata kuliah?,""Proses pembuatan deskripsi mata kuliah diawali dengan pengajuan permohonan dari jurusan atau dosen ke bagian akademik. Setelah permohonan diterima, bagian akademik akan memeriksa kelengkapan dokumen dan memastikan bahwa persyaratan telah terpenuhi sebelum melanjutkan ke tahap penyusunan deskripsi mata kuliah."""
"Siapa yang bertanggung jawab dalam penyusunan deskripsi mata kuliah?,""Koordinator Akademik dan Kemahasiswaan bertanggung jawab dalam penyusunan deskripsi mata kuliah berdasarkan buku pedoman pendidikan yang berlaku. Setelah deskripsi mata kuliah selesai disusun, hasilnya akan dicek ulang untuk memastikan kesesuaian dengan standar akademik dan kebutuhan kurikulum sebelum mendapatkan persetujuan akhir."""
"Bagaimana tahap akhir pembuatan deskripsi mata kuliah?,""Setelah diperiksa dan diperbaiki jika diperlukan, deskripsi mata kuliah akan diparaf dan ditandatangani oleh pejabat akademik yang berwenang. Dokumen yang telah disahkan kemudian akan digandakan dan diarsipkan untuk digunakan sebagai referensi dalam sistem akademik. Jurusan akan menerima salinan resmi untuk disampaikan kepada dosen dan mahasiswa."""
"Bagaimana prosedur pembuatan ijazah di Politeknik Negeri Jakarta?,""Proses pembuatan ijazah diawali dengan laporan yudisium yang dikirimkan oleh jurusan ke bagian akademik. Setelah laporan diterima, tanggal, bulan, dan tahun kelulusan mahasiswa akan diinput ke dalam sistem akademik sebelum pencetakan ijazah dilakukan. Setiap ijazah dicetak berdasarkan program studi masing-masing dan diverifikasi sebelum disahkan secara resmi."""
"Bagaimana proses verifikasi dan pengesahan ijazah?,""Setelah dicetak, ijazah akan diperiksa untuk memastikan tidak ada kesalahan dalam data mahasiswa seperti nama, NIM, dan gelar akademik. Ijazah yang telah diverifikasi akan ditandatangani oleh Ketua Jurusan dan Direktur sebelum dapat diterbitkan kepada mahasiswa. Proses ini memastikan bahwa semua ijazah yang dikeluarkan sesuai dengan standar akademik yang berlaku."""
"Apa langkah terakhir dalam pembuatan dan distribusi ijazah?,""Setelah ditandatangani, ijazah akan diproses lebih lanjut dengan menempelkan foto lulusan dan mengarsipkan salinan ijazah di bagian akademik. Ijazah asli beserta transkrip nilai akan dimasukkan ke dalam map plastik sebelum diberikan kepada mahasiswa. Mahasiswa yang mengambil ijazah harus menandatangani tanda terima sebagai bukti bahwa dokumen telah diterima dengan baik."""
"Bagaimana prosedur pembuatan Kartu Tanda Mahasiswa (KTM)?,""Pembuatan Kartu Tanda Mahasiswa (KTM) diawali dengan pengambilan data mahasiswa baru dari Sistem Informasi Akademik. Data ini mencakup informasi pribadi mahasiswa seperti nama, NIM, jurusan, dan jalur masuk. Selanjutnya, data tersebut diserahkan kepada bank yang bekerja sama dengan kampus untuk dicetak menjadi KTM."""
"Bagaimana mahasiswa dapat mengambil KTM mereka?,""Setelah KTM selesai diproses, bagian akademik akan mengumumkan daftar mahasiswa yang sudah bisa mengambil KTM. Mahasiswa dapat mengambil KTM mereka di bagian akademik dengan membawa kartu identitas atau bukti pendaftaran. Jika mahasiswa tidak bisa mengambil sendiri, mereka dapat memberikan surat kuasa kepada pihak lain untuk pengambilan KTM."""
"Bagaimana prosedur pengajuan konversi nilai?,""Mahasiswa atau alumni yang membutuhkan konversi nilai harus mengajukan permohonan secara resmi ke bagian akademik. Mereka harus melengkapi formulir dan melampirkan dokumen pendukung seperti transkrip nilai yang telah diperoleh sebelumnya. Setelah dokumen diverifikasi, bagian akademik akan memproses konversi nilai sesuai dengan standar yang berlaku."""
"Bagaimana verifikasi hasil konversi nilai dilakukan?,""Setelah konversi nilai selesai dibuat, bagian akademik akan melakukan pengecekan ulang untuk memastikan tidak ada kesalahan dalam konversi skala nilai. Jika ditemukan ketidaksesuaian, maka perbaikan akan dilakukan sebelum konversi nilai disahkan. Hasil akhir konversi nilai kemudian ditandatangani dan diserahkan kepada mahasiswa atau alumni yang mengajukan."""
"Bagaimana prosedur pembuatan Keputusan Direktur?,""Pembuatan Keputusan Direktur dimulai dengan penyusunan draft SK oleh bagian akademik terkait. Draft ini kemudian diverifikasi oleh Koordinator Akademik dan Kemahasiswaan serta Wakil Direktur Akademik sebelum diajukan ke Direktur untuk ditandatangani. Setelah ditandatangani, SK diberikan nomor resmi, dipindai, dan didistribusikan ke unit-unit terkait melalui email serta diarsipkan dalam bentuk cetak dan digital."""
"Bagaimana prosedur pembuatan Surat Keterangan Mahasiswa Aktif?,""Mahasiswa yang membutuhkan Surat Keterangan Mahasiswa Aktif harus mengajukan permohonan dengan mengisi formulir yang disediakan oleh bagian akademik. Setelah itu, status mahasiswa akan diverifikasi dalam sistem akademik untuk memastikan bahwa mahasiswa masih aktif dalam perkuliahan. Jika semua persyaratan terpenuhi, surat keterangan akan diproses, ditandatangani, dan diserahkan kepada mahasiswa yang mengajukan permohonan."""
"Bagaimana prosedur pembuatan Surat Keterangan Mendaftar Beasiswa di luar PNJ?,""Mahasiswa yang ingin mendaftar beasiswa di luar PNJ dapat mengajukan permohonan surat keterangan melalui bagian akademik. Mereka harus melengkapi formulir pengajuan dan melampirkan dokumen pendukung seperti transkrip nilai dan surat rekomendasi dari jurusan. Setelah verifikasi selesai, surat akan ditandatangani oleh pejabat akademik dan diberikan kepada mahasiswa untuk digunakan dalam proses pendaftaran beasiswa."""
"Bagaimana prosedur pembuatan Surat Keterangan Mengurus Visa atau Paspor?,""Mahasiswa yang membutuhkan surat keterangan ini harus mengajukan permohonan ke bagian akademik dengan melampirkan dokumen pendukung seperti paspor dan kartu mahasiswa. Setelah data mahasiswa diverifikasi dalam sistem akademik, surat keterangan akan dibuat dan ditandatangani oleh pejabat akademik. Mahasiswa dapat mengambil surat tersebut di bagian akademik setelah proses administrasi selesai."""
"Bagaimana prosedur pembuatan Surat Keterangan Tunjangan Anak dari Kantor Orang Tua?,""Mahasiswa yang membutuhkan surat ini harus mengambil formulir pengajuan di bagian akademik dan melengkapinya dengan dokumen pendukung seperti Kartu Keluarga. Setelah formulir dikembalikan, bagian akademik akan memverifikasi data mahasiswa sebelum memproses surat keterangan. Surat keterangan yang telah disetujui akan diberikan kepada mahasiswa untuk digunakan sesuai keperluan mereka."""
"Bagaimana prosedur pembuatan Surat Keterangan Tunjangan Pensiun?,""Untuk mendapatkan surat keterangan tunjangan pensiun, mahasiswa harus mengisi formulir pengajuan yang tersedia di bagian akademik. Formulir ini harus ditandatangani oleh mahasiswa dan orang tua serta dilengkapi dengan dokumen pendukung seperti Kartu Keluarga. Setelah dokumen diverifikasi, bagian akademik akan memproses surat keterangan, yang kemudian ditandatangani dan diserahkan kepada mahasiswa yang mengajukan."""
"Bagaimana jika KTM mahasiswa tidak tersedia pada jadwal pengambilan?,""Jika KTM belum tersedia pada saat jadwal pengambilan, mahasiswa dapat menghubungi bagian akademik untuk memastikan apakah KTM masih dalam proses pencetakan. Dalam beberapa kasus, keterlambatan dapat terjadi karena kesalahan data atau kendala teknis dari pihak bank yang mencetak KTM. Mahasiswa disarankan untuk secara berkala mengecek pengumuman resmi dari bagian akademik terkait status KTM mereka."""
"Apa yang harus dilakukan jika KTM yang diterima terdapat kesalahan data?,""Jika ditemukan kesalahan dalam KTM seperti nama, NIM, atau jurusan yang tidak sesuai, mahasiswa harus segera melaporkan ke bagian akademik. Mereka akan diminta untuk mengisi formulir perbaikan data dan menunggu proses pencetakan ulang. Dalam situasi ini, KTM yang salah harus dikembalikan agar dapat diganti dengan yang benar setelah verifikasi data selesai."""
"Bagaimana jika hasil konversi nilai tidak sesuai dengan yang diharapkan?,""Jika mahasiswa merasa bahwa konversi nilai yang diterima tidak sesuai dengan peraturan akademik, mereka dapat mengajukan permohonan revisi ke bagian akademik. Proses ini melibatkan pengecekan ulang oleh tim akademik dan perbandingan dengan kebijakan konversi nilai yang berlaku. Jika ditemukan kesalahan, konversi nilai akan diperbaiki dan diberikan kembali kepada mahasiswa dalam waktu yang telah ditentukan."""
"Apakah ada batas waktu untuk mengajukan konversi nilai?,""Ya, pengajuan konversi nilai biasanya memiliki batas waktu tertentu yang ditetapkan oleh akademik. Mahasiswa yang ingin mengajukan konversi nilai disarankan untuk segera mengajukan permohonan melalui bagian akademik dan memastikan semua dokumen telah lengkap. Jika melewati batas waktu, permohonan konversi nilai dapat ditolak atau harus menunggu periode berikutnya untuk diproses kembali."""
"Bagaimana jika terdapat revisi dalam Keputusan Direktur setelah ditandatangani?,""Jika ditemukan kesalahan atau diperlukan revisi setelah Keputusan Direktur ditandatangani, maka prosedur perbaikan harus melalui mekanisme revisi resmi. Bagian akademik akan mengajukan draft revisi, yang kemudian diperiksa dan ditandatangani ulang oleh Direktur setelah dilakukan perbaikan. Keputusan yang telah direvisi akan menggantikan versi sebelumnya dan diinformasikan kepada pihak yang terkait."""
"Bagaimana jika sistem tidak mengenali status mahasiswa saat mengajukan Surat Keterangan Mahasiswa Aktif?,""Jika sistem tidak mengenali status mahasiswa, kemungkinan mahasiswa belum melakukan registrasi ulang atau ada kesalahan dalam database akademik. Mahasiswa disarankan untuk mengecek status akademik mereka melalui https://surat-akademik.pnj.ac.id dan jika masih bermasalah, menghubungi bagian akademik untuk verifikasi lebih lanjut."""
"Apa yang harus dilakukan jika surat keterangan mahasiswa aktif belum ditandatangani?,""Jika surat keterangan belum ditandatangani, mahasiswa dapat menghubungi bagian akademik untuk memastikan bahwa surat sudah diproses. Terkadang, keterlambatan bisa terjadi karena jadwal tanda tangan pejabat akademik yang padat. Mahasiswa disarankan untuk mengajukan surat jauh hari sebelum batas waktu penggunaan surat tersebut."""
"Bagaimana jika terdapat kesalahan dalam Surat Keterangan Beasiswa yang sudah diterbitkan?,""Jika ditemukan kesalahan dalam Surat Keterangan Mendaftar Beasiswa, mahasiswa harus segera melaporkan ke bagian akademik untuk perbaikan. Proses ini melibatkan pembatalan surat yang salah dan pembuatan surat yang baru dengan data yang telah diperbaiki. Mahasiswa disarankan untuk memeriksa isi surat dengan teliti sebelum menggunakannya dalam pendaftaran beasiswa."""
"Bagaimana jika permohonan Surat Keterangan Mengurus Visa atau Paspor ditolak?,""Jika permohonan ditolak, mahasiswa perlu memastikan bahwa semua dokumen pendukung telah diunggah dengan benar di sistem. Beberapa dokumen seperti bukti penerimaan dari universitas luar negeri atau dokumen perjalanan lain mungkin diperlukan. Jika semua dokumen telah lengkap namun masih ditolak, mahasiswa dapat mengajukan banding ke bagian akademik untuk peninjauan ulang."""
"Apa yang harus dilakukan jika ada penolakan dalam pengajuan Surat Keterangan Tunjangan Anak?,""Jika pengajuan ditolak, mahasiswa harus memeriksa apakah dokumen yang diserahkan telah sesuai dengan persyaratan yang ditetapkan. Misalnya, jika Kartu Keluarga tidak sesuai atau tidak mencantumkan mahasiswa sebagai anggota keluarga, maka perlu dilakukan pembaruan data terlebih dahulu. Mahasiswa dapat berkonsultasi dengan bagian akademik untuk mengetahui penyebab pasti penolakan dan langkah selanjutnya yang harus diambil."""
"Di mana mahasiswa bisa mengajukan Surat Keterangan Mahasiswa Aktif?,""Mahasiswa dapat mengajukan Surat Keterangan Mahasiswa Aktif melalui website resmi akademik di https://surat-akademik.pnj.ac.id. Mereka harus login menggunakan akun mahasiswa dan memilih jenis surat yang dibutuhkan."""
"Berapa lama waktu yang dibutuhkan untuk mendapatkan Surat Keterangan Mahasiswa Aktif?,""Proses penerbitan surat biasanya memakan waktu sekitar 1-2 hari kerja tergantung pada volume permohonan. Jika terdapat antrian yang panjang, mahasiswa disarankan untuk mengajukan permohonan jauh sebelum tanggal penggunaan yang diinginkan."""
"Bagaimana jika mahasiswa tidak dapat login ke sistem saat mengajukan surat?,""Jika mahasiswa mengalami kendala login, mereka dapat mencoba mereset password melalui sistem akademik. Jika masalah masih terjadi, mereka harus menghubungi bagian akademik untuk memastikan bahwa akun mereka masih aktif dan tidak mengalami masalah teknis."""
"Apa saja dokumen yang diperlukan untuk mengajukan Surat Keterangan Beasiswa?,""Mahasiswa harus mengunggah dokumen seperti transkrip nilai terbaru, surat rekomendasi dari dosen atau jurusan, serta dokumen identitas. Persyaratan tambahan dapat bervariasi tergantung pada beasiswa yang dilamar, sehingga mahasiswa perlu membaca pengumuman secara lengkap."""
"Apakah mahasiswa dapat mengajukan Surat Keterangan Beasiswa lebih dari satu kali?,""Ya, mahasiswa dapat mengajukan Surat Keterangan Beasiswa lebih dari satu kali, terutama jika mereka melamar ke berbagai program beasiswa berbeda. Namun, mereka harus memastikan bahwa setiap pengajuan memiliki informasi dan dokumen yang benar serta sesuai dengan tujuan pengajuan."""
"Bagaimana jika mahasiswa ingin mencetak ulang Surat Keterangan Beasiswa?,""Mahasiswa dapat mengunduh ulang surat yang telah diterbitkan melalui sistem akademik. Jika surat sebelumnya hilang atau perlu revisi, mahasiswa harus mengajukan permohonan ulang melalui bagian akademik."""
"Bagaimana mahasiswa dapat mengecek status pengajuan Surat Keterangan Mengurus Visa?,""Mahasiswa dapat memeriksa status pengajuan melalui dashboard akun mereka di https://surat-akademik.pnj.ac.id. Jika status masih 'Dalam Proses' setelah beberapa hari, mahasiswa dapat menghubungi bagian akademik untuk menanyakan kendala yang terjadi."""
"Apa syarat utama agar mahasiswa bisa mengajukan Surat Keterangan Mengurus Visa?,""Mahasiswa harus memiliki bukti penerimaan dari institusi luar negeri, seperti universitas atau lembaga yang membutuhkan visa pendidikan. Selain itu, mereka harus melampirkan dokumen identitas dan paspor yang masih berlaku."""
"Bagaimana jika ada kesalahan dalam Surat Keterangan Mengurus Visa yang telah diterbitkan?,""Jika terdapat kesalahan dalam surat, mahasiswa harus segera melaporkan ke bagian akademik. Mereka harus menunjukkan kesalahan tersebut dan menyerahkan dokumen pendukung yang benar agar bagian akademik dapat menerbitkan surat yang telah diperbaiki."""
"Siapa yang berhak mengajukan Surat Keterangan Tunjangan Anak dari Kantor Orang Tua?,""Mahasiswa yang masih menjadi tanggungan orang tua dan memerlukan surat untuk keperluan tunjangan anak dapat mengajukan permohonan. Biasanya, tunjangan ini diperlukan oleh pegawai negeri atau karyawan yang mendapatkan tunjangan anak dari perusahaan atau instansi tempat bekerja."""
"Apa dokumen yang diperlukan untuk mengajukan Surat Keterangan Tunjangan Anak?,""Mahasiswa harus mengunggah dokumen seperti Kartu Keluarga, surat keterangan kerja orang tua, dan dokumen lain yang relevan. Semua dokumen harus dalam format yang sesuai agar bisa diverifikasi oleh bagian akademik."""
"Apakah ada batas waktu untuk mengajukan Surat Keterangan Tunjangan Anak?,""Batas waktu pengajuan biasanya bergantung pada instansi pemberi tunjangan. Mahasiswa disarankan untuk mengajukan surat jauh sebelum batas waktu pengumpulan dokumen untuk memastikan mereka memiliki cukup waktu jika terjadi revisi atau kendala teknis."""
"Apa tujuan dari Surat Keterangan Tunjangan Pensiun?,""Surat ini digunakan untuk membuktikan bahwa mahasiswa masih aktif sebagai anak tanggungan dari orang tua yang akan mengajukan tunjangan pensiun. Biasanya, tunjangan pensiun diberikan kepada pegawai yang memiliki anak yang masih berstatus mahasiswa."""
"Bagaimana prosedur pengajuan Surat Keterangan Tunjangan Pensiun?,""Mahasiswa harus mengisi formulir permohonan dan mengunggah dokumen seperti Kartu Keluarga serta surat dari instansi orang tua yang membutuhkan dokumen ini. Setelah semua dokumen diverifikasi, bagian akademik akan menerbitkan surat dan menandatanganinya sebelum diserahkan kepada mahasiswa."""
"Apa yang harus dilakukan jika surat keterangan tunjangan pensiun ditolak oleh instansi yang bersangkutan?,""Jika instansi menolak surat tersebut, mahasiswa harus memastikan bahwa format dan isi surat sudah sesuai dengan permintaan instansi. Jika perlu, mereka dapat menghubungi bagian akademik untuk melakukan revisi sesuai dengan ketentuan yang diminta oleh instansi pemberi tunjangan."""
"Bagaimana prosedur pembuatan Surat Tanda Lulus Sementara (STLS)?,""Mahasiswa yang telah menyelesaikan semua kewajiban akademiknya dapat mengajukan permohonan STLS dengan menyerahkan surat permohonan dan dokumen pendukung. Bagian akademik akan memverifikasi kelengkapan dokumen, lalu menginput tanggal kelulusan dalam sistem akademik sebelum STLS dicetak dan ditandatangani oleh pejabat akademik. Setelah itu, STLS akan disahkan dan diserahkan kepada mahasiswa sebagai bukti kelulusan sementara."""
"Bagaimana cara mahasiswa menerima STLS setelah diproses?,""Setelah STLS ditandatangani oleh Direktur dan pejabat akademik lainnya, dokumen ini akan digandakan dan diarsipkan. Mahasiswa dapat mengambil STLS di bagian akademik dengan membawa bukti permohonan dan tanda pengenal. Jika mahasiswa tidak bisa mengambil sendiri, mereka dapat memberikan surat kuasa kepada pihak lain untuk mengambil STLS tersebut."""
"Bagaimana jika terjadi kesalahan data pada STLS yang telah diterbitkan?,""Jika terdapat kesalahan pada STLS, mahasiswa harus segera melaporkan ke bagian akademik untuk dilakukan revisi. Mahasiswa harus membawa bukti dokumen pendukung seperti KTP atau transkrip akademik untuk memastikan data yang benar. Bagian akademik akan melakukan perbaikan dan menerbitkan ulang STLS dalam waktu yang telah ditentukan."""
"Bagaimana prosedur pembuatan Transkrip Nilai?,""Setelah mahasiswa menyelesaikan studinya, jurusan akan melaporkan yudisium dan menyerahkan daftar nilai asli ke bagian akademik. Bagian akademik akan mengecek jumlah SKS, menerjemahkan mata kuliah ke dalam Bahasa Inggris jika diperlukan, dan menginput nomor transkrip nilai ke sistem akademik. Setelah diverifikasi, transkrip nilai akan dicetak, ditandatangani, dan diserahkan kepada lulusan."""
"Apa yang harus dilakukan jika mahasiswa menemukan kesalahan pada Transkrip Nilai?,""Jika ditemukan kesalahan dalam transkrip nilai, mahasiswa harus segera melaporkannya ke bagian akademik. Mahasiswa harus membawa bukti daftar nilai asli untuk dibandingkan dengan data di sistem. Jika kesalahan berasal dari bagian akademik, maka revisi akan dilakukan dan transkrip nilai baru akan diterbitkan."""
"Bagaimana cara mengajukan permohonan Translate Ijazah?,""Alumni yang membutuhkan terjemahan ijazah harus mengajukan permohonan resmi ke bagian akademik. Mereka harus menyerahkan surat permohonan beserta dokumen pendukung seperti ijazah asli dan transkrip nilai. Setelah permohonan diverifikasi, bagian akademik akan menyusun draft terjemahan sebelum diterbitkan dan ditandatangani oleh pejabat akademik."""
"Apakah hasil terjemahan ijazah bisa digunakan untuk keperluan studi atau kerja di luar negeri?,""Ya, hasil Translate Ijazah yang telah disahkan oleh pejabat akademik dapat digunakan untuk keperluan studi atau pekerjaan di luar negeri. Namun, dalam beberapa kasus, mahasiswa mungkin perlu melakukan legalisasi tambahan di instansi terkait seperti Kementerian Pendidikan atau Kementerian Luar Negeri."""
"Bagaimana prosedur pendaftaran wisuda secara online?,""Mahasiswa yang telah menyelesaikan yudisium akan mendapatkan username dan password untuk masuk ke sistem pendaftaran wisuda online. Mereka harus mengisi formulir pendaftaran, mengunggah foto, dan mencetak bukti pendaftaran sebelum batas waktu yang ditentukan. Bagian akademik akan memverifikasi data dan menyetujui pendaftaran sebelum mahasiswa resmi menjadi peserta wisuda."""
"Apa yang harus dilakukan jika mahasiswa tidak menerima username dan password untuk pendaftaran wisuda?,""Jika mahasiswa tidak menerima kredensial untuk pendaftaran wisuda, mereka harus menghubungi bagian akademik. Kemungkinan besar terdapat kendala teknis atau data mereka belum terinput dalam sistem yudisium. Setelah verifikasi selesai, mahasiswa akan diberikan akses untuk melakukan pendaftaran ulang."""
"Bagaimana prosedur pengajuan NIDN NIDK  dan NUP bagi dosen?,""Dosen yang ingin mengajukan NIDN NIDK atau NUP harus mengisi formulir permohonan dan melengkapi dokumen persyaratan seperti SK Pengangkatan dan CV akademik. Setelah permohonan disetujui oleh Ketua Jurusan dan Wakil Direktur Akademik dokumen akan diunggah ke SIM Forlap Dikti untuk diproses lebih lanjut. Setelah persetujuan diterima dari Kemendikbud informasi hasil pengajuan akan diinformasikan kepada dosen yang bersangkutan."""
"Apa yang harus dilakukan jika pengajuan NIDN NIDK  dan NUP ditolak?,""Jika pengajuan ditolak dosen harus mengecek apakah dokumen yang dikirimkan sudah sesuai dengan persyaratan yang ditetapkan. Dalam beberapa kasus revisi atau tambahan dokumen mungkin diperlukan sebelum pengajuan dapat diproses ulang. Dosen dapat berkonsultasi dengan bagian akademik untuk mengetahui alasan penolakan dan cara memperbaiki dokumen yang diperlukan."""
"Bagaimana mahasiswa dapat mengecek status pengajuan STLS mereka?,""Mahasiswa dapat mengecek status pengajuan STLS mereka melalui sistem akademik atau dengan menghubungi bagian akademik secara langsung. Jika status masih 'Dalam Proses' setelah beberapa hari, mahasiswa dapat menanyakan langsung ke petugas akademik untuk memastikan tidak ada kendala dalam proses penerbitan."""
"Apakah STLS dapat digunakan untuk melamar pekerjaan sebelum ijazah diterbitkan?,""Ya, STLS dapat digunakan sebagai bukti kelulusan sementara dalam melamar pekerjaan atau keperluan lain sebelum ijazah resmi diterbitkan. Namun, beberapa perusahaan mungkin meminta tambahan surat rekomendasi atau dokumen lain sebagai pendukung, sehingga mahasiswa perlu mengecek persyaratan dari pihak yang membutuhkan STLS."""
"Berapa lama waktu yang dibutuhkan untuk pembuatan Transkrip Nilai?,""Pembuatan Transkrip Nilai biasanya memakan waktu sekitar 3-5 hari kerja setelah mahasiswa menyelesaikan semua proses akademiknya. Namun, jika terdapat banyak pengajuan dalam waktu yang bersamaan, proses ini bisa memakan waktu lebih lama tergantung pada antrian yang ada di bagian akademik."""
"Bagaimana jika mahasiswa kehilangan transkrip nilai yang sudah diberikan?,""Jika mahasiswa kehilangan transkrip nilai, mereka dapat mengajukan permohonan cetak ulang melalui bagian akademik. Mereka harus mengisi formulir pengajuan ulang, melampirkan dokumen identitas, dan membayar biaya administrasi yang berlaku untuk mencetak ulang transkrip tersebut."""
"Apakah terjemahan ijazah dibuat dalam format resmi?,""Ya, Translate Ijazah dibuat dalam format resmi dengan kop surat institusi, tanda tangan pejabat akademik, dan stempel resmi. Dokumen ini dapat digunakan untuk keperluan akademik maupun profesional di luar negeri tanpa perlu modifikasi tambahan dari mahasiswa."""
"Bagaimana jika ada kesalahan dalam Translate Ijazah yang diterima?,""Jika terdapat kesalahan dalam Translate Ijazah, alumni harus segera melaporkan ke bagian akademik. Mereka harus menyerahkan dokumen asli serta hasil terjemahan untuk dibandingkan. Jika ditemukan kesalahan yang berasal dari pihak akademik, maka dokumen akan diperbaiki tanpa biaya tambahan bagi pemohon."""
"Apa saja syarat utama agar mahasiswa bisa mendaftar wisuda online?,""Mahasiswa yang ingin mendaftar wisuda online harus sudah menyelesaikan seluruh kewajiban akademik dan administratif, termasuk pembayaran biaya wisuda. Selain itu, mereka juga harus memastikan bahwa foto dan data pribadi mereka telah diperbarui dalam sistem akademik sebelum batas akhir pendaftaran."""
"Bagaimana jika mahasiswa terlambat melakukan pendaftaran wisuda online?,""Jika mahasiswa terlambat mendaftar wisuda online, mereka mungkin tidak dapat mengikuti wisuda pada periode tersebut dan harus menunggu periode berikutnya. Namun, dalam beberapa kasus, kampus dapat memberikan kebijakan khusus untuk mahasiswa yang memiliki alasan kuat atas keterlambatan mereka."""
"Apa perbedaan antara NIDN NIDK  dan NUP dalam pengajuan dosen?,""NIDN (Nomor Induk Dosen Nasional) diberikan kepada dosen tetap sedangkan NIDK (Nomor Induk Dosen Khusus) diberikan kepada dosen yang bekerja di institusi tertentu dengan kontrak khusus. Sementara itu NUP (Nomor Urut Pendidik) diberikan kepada dosen yang mengajar namun tidak berstatus dosen tetap atau kontrak biasanya pada program studi tertentu."""
"Bagaimana cara dosen mengetahui bahwa pengajuan NIDN NIDK  atau NUP telah disetujui?,""Dosen dapat mengecek status pengajuan mereka melalui sistem akademik atau website resmi Kemendikbud. Jika pengajuan telah disetujui mereka akan menerima pemberitahuan resmi dari institusi terkait mengenai nomor yang telah diterbitkan."""
"Bagaimana prosedur pengajuan perubahan data dosen?,""Dosen yang ingin mengajukan perubahan data harus menyerahkan dokumen persyaratan dalam bentuk softcopy ke bagian kepegawaian. Setelah itu, staf akademik akan mengecek kelengkapan data pendukung sebelum melakukan pengajuan perubahan data ke SIM Forlap Dikti. Jika semua data sudah lengkap, pengajuan akan diproses dalam sistem dan hasilnya dapat dimonitor oleh dosen melalui bagian kepegawaian."""
"Apa saja dokumen yang diperlukan untuk mengajukan perubahan data dosen?,""Dokumen yang diperlukan untuk perubahan data dosen meliputi Surat Keputusan (SK) terbaru, dokumen identitas, serta data pendukung lainnya. Persyaratan ini harus diserahkan dalam bentuk softcopy untuk memudahkan verifikasi dan proses input ke dalam sistem akademik serta SIM Forlap Dikti."""
"Berapa lama waktu yang dibutuhkan untuk menyelesaikan perubahan data dosen?,""Setelah pengajuan diterima, perubahan data pada SIM Forlap Dikti memerlukan waktu sekitar 1 minggu hingga hasilnya dapat dimonitor. Dosen dapat mengecek status pengajuan melalui bagian kepegawaian atau menghubungi staf akademik jika ada kendala dalam proses perubahan data."""
"Apa yang harus dilakukan jika perubahan data dosen tidak muncul di SIM Forlap Dikti?,""Jika perubahan data belum muncul dalam sistem setelah batas waktu yang ditentukan, dosen dapat meminta bagian kepegawaian untuk melakukan pengecekan lebih lanjut. Kemungkinan penyebab keterlambatan meliputi kesalahan input data, keterlambatan validasi dari pihak akademik, atau kendala teknis dalam sistem Forlap Dikti. Dalam kasus seperti ini, dosen disarankan untuk menghubungi operator SIM Forlap Dikti untuk memastikan status permohonan mereka."""
"Bagaimana jika terjadi kesalahan dalam perubahan data yang telah diproses?,""Jika ditemukan kesalahan dalam perubahan data yang telah diproses, dosen harus segera melaporkannya ke bagian akademik dan kepegawaian. Dosen perlu menyerahkan dokumen koreksi dan bukti pendukung agar bagian kepegawaian dapat mengajukan revisi ke SIM Forlap Dikti sesegera mungkin. Setelah revisi diterima dan diperbarui, dosen akan mendapatkan notifikasi dari bagian akademik mengenai perubahan yang telah diperbaiki."""
"Siapa yang bertanggung jawab dalam proses verifikasi perubahan data dosen?,""Bagian kepegawaian bertanggung jawab dalam memverifikasi kelengkapan dokumen sebelum mengajukan perubahan ke SIM Forlap Dikti. Staf akademik juga memiliki peran dalam memastikan bahwa semua data yang diinput telah sesuai dengan regulasi akademik yang berlaku. Setelah perubahan disetujui, dosen akan mendapatkan pemberitahuan resmi dari bagian akademik terkait status pengajuan mereka."""
"Apakah perubahan data dosen dapat dilakukan lebih dari satu kali?,""Ya, dosen dapat mengajukan perubahan data lebih dari satu kali jika diperlukan, misalnya untuk pembaruan gelar akademik atau riwayat pekerjaan. Namun, setiap pengajuan harus disertai dengan dokumen pendukung yang valid agar tidak terjadi kendala dalam proses verifikasi. Bagian kepegawaian akan melakukan pengecekan ulang sebelum perubahan diajukan kembali ke SIM Forlap Dikti."""
"Bagaimana cara dosen mengetahui bahwa perubahan data telah disetujui?,""Setelah perubahan data diproses, bagian kepegawaian akan memberikan informasi kepada dosen melalui email atau sistem akademik. Dosen juga dapat mengecek status perubahan data mereka langsung di SIM Forlap Dikti untuk memastikan bahwa perubahan sudah diimplementasikan. Jika data belum diperbarui dalam sistem setelah batas waktu yang ditentukan, dosen dapat menghubungi bagian akademik untuk mendapatkan kepastian lebih lanjut."""
"Bagaimana prosedur permintaan data akademik di Politeknik Negeri Jakarta?,""1. Pemohon mengajukan Surat Permintaan Data Akademik secara tertulis atau melalui sistem. 2. Surat diajukan ke Wakil Direktur I untuk disposisi persetujuan. 3. Bagian Akademik menerima instruksi dan mempersiapkan data sesuai permintaan. 4. Data diverifikasi dan diserahkan ke pemohon dalam waktu maksimal 15 menit setelah instruksi diterima. 5. Pemohon menandatangani bukti penerimaan data."""
"Apa persyaratan untuk mengajukan permintaan data akademik?,""Pemohon harus menyertakan surat permintaan resmi yang menjelaskan tujuan penggunaan data, identitas pemohon, dan lingkup data yang dibutuhkan sesuai ketentuan Peraturan Direktur No.1909/PL3/OT/2018."""
"Berapa lama waktu yang dibutuhkan untuk menyiapkan data akademik setelah permintaan disetujui?,""Proses penyiapan data memakan waktu maksimal 15 menit setelah instruksi resmi diterima oleh Pengadministrasi Akademik, sesuai standar POS 757-PNJ."""
"Bagaimana jika data yang diminta tidak tersedia di sistem akademik?,""Bagian Akademik wajib memberikan pemberitahuan tertulis dalam 1 hari kerja dan merujuk pemohon ke unit terkait untuk koordinasi lebih lanjut."""
"Siapa yang bertanggung jawab menandatangani disposisi permintaan data akademik?,""Wakil Direktur I bertugas memberikan disposisi persetujuan permintaan data sebelum diteruskan ke Koordinator Akademik dan Kemahasiswaan untuk eksekusi."""
"Bagaimana prosedur registrasi mahasiswa baru di PNJ?,""1. Calon mahasiswa memverifikasi SK Kelulusan Seleksi di laman penerimaan.pnj.ac.id. 2. Melakukan registrasi online dengan memilih UKT dan mengunggah dokumen pendukung. 3. Verifikasi data UKT oleh bagian akademik maksimal 10 menit. 4. Pembayaran UKT melalui sistem pembayaran.pnj.ac.id. 5. Pengambilan KTM sementara setelah pembayaran diverifikasi."""
"Apa yang harus dilakukan jika verifikasi UKT mahasiswa baru gagal?,""Calon mahasiswa harus memperbaiki dokumen pendukung (KTP, KK, surat penghasilan orang tua) dan mengajukan ulang verifikasi melalui sistem dalam 3 hari kerja."""
"Bagaimana cara mengetahui jadwal pengambilan KTM mahasiswa baru?,""Informasi pengambilan KTM diumumkan melalui laman akademik.pnj.ac.id dan sistem SMS blast setelah proses verifikasi UKT selesai."""
"Apakah bisa mengubah pilihan UKT setelah registrasi online?,""Perubahan UKT hanya dapat diajukan melalui surat permohonan ke bagian akademik dengan melampirkan bukti pendukung baru sebelum batas waktu registrasi ditutup."""
"Bagaimana prosedur penerbitan SK Penetapan UKT?,""SK Penetapan UKT diterbitkan dalam 15 menit setelah verifikasi dokumen, ditandatangani oleh Direktur, dan diunggah ke sistem penerimaan.pnj.ac.id untuk diunduh oleh mahasiswa."""
"Bagaimana prosedur registrasi mahasiswa lama di PNJ?,""1. Mahasiswa mengunduh Matrikulasi dan Laporan Evaluasi Studi dari sistem akademik. 2. Melakukan pembayaran UKT sesuai jadwal di kalender akademik. 3. Verifikasi pembayaran oleh bagian keuangan dalam 10 menit. 4. Update status akademik di sistem oleh administrator. 5. Menerima bukti registrasi elektronik via email institusi."""
"Apa konsekuensi jika mahasiswa lama terlambat registrasi?,""Akan dikenakan denda administrasi 2% per hari dan berisiko mendapat status Non-Aktif jika terlambat lebih dari 14 hari kerja."""
"Bagaimana cara memperbaiki data matrikulasi yang salah saat registrasi?,""Mahasiswa harus mengajukan revisi ke jurusan dengan melampirkan bukti transkrip asli dan surat permohonan perbaikan data maksimal 3 hari setelah registrasi."""
"Apakah bisa melakukan registrasi ulang jika terjadi kesalahan pembayaran UKT?,""Ya, dengan mengajukan surat keberatan ke bagian keuangan dan menunjukkan bukti transfer asli untuk proses rekonsiliasi dalam 2 hari kerja."""
"Bagaimana prosedur penerbitan Surat Cuti bagi mahasiswa lama?,""Diajukan melalui sistem akademik dengan melampirkan surat permohonan dan dokumen pendukung, kemudian diverifikasi oleh jurusan dan Wakil Direktur 1 dalam 2 hari kerja."""
"Bagaimana prosedur penerbitan Surat Keterangan Pemberhentian Mahasiswa Karena Mangkir?,""1. Jurusan mengajukan surat permohonan pemberhentian ke Wakil Direktur I. 2. Disposisi ke Koordinator Akademik untuk verifikasi data mangkir. 3. Pembuatan draft surat oleh administrasi akademik dalam 10 menit. 4. Penandatanganan oleh Direktur setelah koreksi final. 5. Pengiriman surat ke mahasiswa dan orang tua via email resmi dan pos tercatat."""
"Apa syarat pengajuan pemberhentian mahasiswa karena mangkir?,""Harus ada bukti ketidakhadiran selama 14 pertemuan berturut-turut dan surat peringatan akademik dari jurusan minimal 3 kali."""
"Berapa lama proses penerbitan surat pemberhentian sejak pengajuan?,""Maksimal 1 hari kerja setelah semua dokumen persyaratan lengkap dan verifikasi data selesai."""
"Bagaimana jika mahasiswa ingin mengajukan banding atas pemberhentian?,""Dapat mengajukan surat keberatan ke Ombudsman Akademik dalam 7 hari kerja setelah menerima surat pemberhentian untuk proses verifikasi ulang."""
"Apakah surat pemberhentian mempengaruhi status administrasi mahasiswa?,""Ya, status diubah menjadi Non-Aktif di sistem akademik dan PD Dikti serta tidak dapat mengakses fasilitas kampus sejak surat diterbitkan."""
"Bagaimana prosedur pengajuan Surat Cuti Kuliah Karena Sakit di PNJ?,""1. Mahasiswa mengajukan surat permohonan cuti ke jurusan dengan melampirkan surat dokter. 2. Jurusan meneruskan ke Wakil Direktur I untuk disposisi. 3. Pembuatan draft surat cuti oleh administrasi akademik dalam 10 menit. 4. Verifikasi dan paraf oleh Koordinator Akademik. 5. Penandatanganan Direktur dan distribusi ke mahasiswa/orang tua via email resmi."""
"Apa dokumen yang diperlukan untuk cuti karena sakit lebih dari 1 semester?,""Surat keterangan dokter rumah sakit pemerintah, surat pernyataan orang tua, dan proposal rencana studi setelah cuti."""
"Berapa lama masa berlaku surat cuti sakit?,""Maksimal 2 semester berturut-turut dan harus diperpanjang dengan dokumen baru jika melebihi masa tersebut."""
"Bagaimana jika surat cuti sakit ditolak oleh jurusan?,""Mahasiswa dapat mengajukan banding ke Wakil Direktur I dengan melampirkan dokumen medis tambahan dalam 5 hari kerja setelah penolakan."""
"Apakah cuti sakit mempengaruhi batas masa studi?,""Ya, masa cuti tetap dihitung dalam batas waktu studi maksimal 7 tahun sesuai Peraturan Akademik PNJ."""
"Bagaimana prosedur pembuatan Surat Cuti Kuliah Karena Tidak Registrasi?,""Prosedur dimulai dengan verifikasi data registrasi mahasiswa melalui sistem akademik (1 jam). Jika mahasiswa tidak melakukan registrasi, bagian akademik menyiapkan draft surat cuti (5 menit). Draft dikoreksi oleh Koordinator Akademik (5 menit), diparaf oleh Wakil Direktur I (5 menit), lalu ditandatangani oleh Direktur (10 menit). Surat yang telah selesai digandakan, dicetak, diinput ke sistem akademik, dan dikirim ke jurusan/orang tua (100 menit). Seluruh proses wajib merujuk pada POS 762/PL3.AOT.01.02/2018."""
"Apa konsekuensi jika Surat Cuti Tidak Registrasi tidak diparaf oleh Wadir I?,""Proses penerbitan surat tidak dapat dilanjutkan hingga paraf Wadir I diperoleh. Mahasiswa berstatus 'Non-Aktif' hingga surat disahkan. Jika terjadi penundaan, bagian akademik wajib mengingatkan pejabat terkait maksimal 1 hari kerja setelah draft siap."""
"Berapa lama waktu maksimal untuk menerbitkan Surat Cuti Tidak Registrasi?"",""Total waktu baku 140 menit terdiri dari: verifikasi data (1 jam), pembuatan draft (5 menit), koreksi (5 menit), paraf (10 menit), tanda tangan (10 menit), dan distribusi (100 menit). Namun dalam praktik, proses bisa memakan waktu 1-2 hari kerja tergantung ketersediaan pejabat penandatangan."""
"Dokumen apa yang diperlukan untuk mengajukan Surat Cuti Karena Ketidakhadiran (Mangkir)?,""Mahasiswa harus melampirkan: 1. Surat permohonan cuti, 2. Bukti ketidakhadiran 14 pertemuan berturut-turut, 3. Surat peringatan akademik dari jurusan (minimal 3 kali). Semua dokumen diunggah via sistem akademik sebelum diverifikasi oleh Koordinator Akademik."""
"Bagaimana alur penerbitan Surat Keputusan DO karena Nilai?,""Proses dimulai dengan analisis laporan evaluasi nilai (2 jam). Jurusan mengusulkan SK DO ke Wadir I (3 menit). Draft SK dikoreksi (5 menit), diparaf Koordinator Akademik (1 jam), kemudian ditandatangani Direktur (15 menit). SK yang telah sah diinput ke PD Dikti dan dikirim ke mahasiswa via pos tercatat (30 menit). Mengacu POS 764/PL3.AOT.01.02/2018."""
"Bagaimana prosedur pengajuan Surat Keterangan Kehilangan Ijazah?,""Proses pembuatan Surat Keterangan Kehilangan Ijazah di Politeknik Negeri Jakarta dimulai dengan pemohon (alumni) yang mengajukan permohonan secara resmi. Pemohon harus mengisi Surat Permohonan Kehilangan Ijazah dan menyerahkannya kepada bagian akademik dan kemahasiswaan untuk diverifikasi. Setelah dokumen diperiksa dan dinyatakan lengkap, bagian akademik mengambil daftar nilai (marksheet) sebagai bukti akademik pemohon. Selanjutnya, laporan evaluasi hasil studi pada semester berjalan disampaikan untuk memastikan status akademik pemohon valid. Setelah laporan evaluasi diproses, status pemohon dimasukkan ke dalam sistem, dan draft Surat Keterangan Kehilangan Ijazah dibuat serta diperiksa oleh Kepala Bagian Akademik. Jika ada biaya administrasi yang harus dibayarkan, bagian keuangan melakukan pengaturan sistem pembayaran UKT sesuai jadwal yang berlaku. Setelah pembayaran diverifikasi, surat keterangan yang telah diparaf oleh Kepala Bagian Akademik ditandatangani dan dianggap sah. Tahap akhir dari proses ini adalah penggandaan dan penyerahan Surat Keterangan Kehilangan Ijazah kepada pemohon. Pemohon kemudian mengambil surat tersebut dan menandatangani bukti penerimaan sebagai tanda bahwa dokumen telah diterima. Seluruh prosedur ini dilakukan dengan bantuan komputer dan jaringan internet serta dicatat dalam arsip elektronik maupun manual untuk memastikan keterlacakan dokumen. Jika prosedur ini tidak dijalankan dengan baik, maka pemantauan dan evaluasi tidak dapat berjalan secara optimal."""
"Bagaimana cara melacak status pengajuan Surat Cuti Mangkir?,""Status dapat dipantau melalui dashboard akun mahasiswa di https://surat-akademik.pnj.ac.id. Jika status 'Dalam Proses' melebihi 2 hari kerja, mahasiswa bisa menghubungi Subbag Kemahasiswaan dengan menyertakan nomor pengajuan untuk konfirmasi tahapan proses."""
"Apakah Surat Keterangan Kehilangan Ijazah bisa digunakan sebagai pengganti sementara?,""Ya, surat tersebut sah sebagai dokumen pengganti ijazah yang hilang untuk keperluan administratif selama maksimal 6 bulan. Namun untuk keperluan legal (seleksi CPNS/beasiswa), tetap wajib melampirkan surat kepolisian dan proses penerbitan duplikat ijazah."""
"Apa yang terjadi jika dokumen pengajuan cuti mangkir tidak lengkap?,""Pengajuan akan ditolak sistem dalam 1x24 jam. Mahasiswa mendapat notifikasi via SMS/email untuk melengkapi dokumen. Jika tidak dilengkapi dalam 3 hari kerja, permohonan otomatis gugur dan status akademik tetap 'Aktif' dengan konsekuensi sanksi akademik."""
"Apakah cuti karena tidak registrasi mempengaruhi masa studi?,""Ya, masa cuti tetap dihitung dalam batas waktu studi maksimal 7 tahun. Mahasiswa wajib melakukan registrasi ulang setelah masa cuti berakhir. Jika melebihi batas waktu, status otomatis menjadi DO sesuai Peraturan Akademik."""
"Apa yang harus dilakukan jika SK DO diterima namun nilai sebenarnya memenuhi syarat?,""Segera laporkan kesalahan data ke Subbag Evaluasi Akademik dengan membawa transkrip asli dan bukti perhitungan IPK. Tim verifikasi akan mengecek ulang (2 hari kerja). Jika valid, SK DO dibatalkan dan status akademik dipulihkan melalui SK Reaktivasi."""
"Apakah mahasiswa DO bisa mengajukan banding setelah melewati batas waktu?,""Tidak. Batas waktu pengajuan banding adalah 7 hari kerja setelah SK DO diterima. Jika melewati batas, mahasiswa harus mengikuti prosedur readmisi dengan mengajukan permohonan baru dan memenuhi syarat akademik yang berlaku."""
"Bagaimana prosedur Pembuatan Surat Keterangan Online Kesalahan Penulisan Ijazah?,""1. Akses website http://surat.akademik.pnj.ac.id dan login menggunakan NIM. 2. Pilih menu 'Surat Kesalahan Penulisan Ijazah'. 3. Unggah dokumen pendukung (Akte Kelahiran, KTP, dan Ijazah SMA yang salah) dalam format PDF/JPG. 4. Sistem verifikasi data otomatis dalam 2 menit. 5. Jika valid, draft surat dibuat dan diparaf Kabag Akademik (5 menit). 6. Surat ditandatangani digital oleh pejabat berwenang. 7. Surat siap diunduh/diambil maksimal 15 menit setelah approval. Proses mengacu POS 766/PL3.AOT.01.02/2018."""
"Apa yang harus dilakukan jika upload dokumen ditolak sistem pada pengajuan Surat Kesalahan Penulisan Ijazah?,""Periksa: 1. Format file (hanya PDF/JPG), 2. Ukuran file <2MB, 3. Kejelasan scan dokumen. Jika tetap ditolak, hubungi Subbag Administrasi Akademik via email akademik@pnj.ac.id dengan melampirkan bukti upload dan screenshot error."""
"Berapa lama masa berlaku Surat Keterangan Kesalahan Penulisan Ijazah?,""Surat berlaku 6 bulan sejak tanggal terbit. Untuk keperluan legal (CPNS/beasiswa), wajib disertai dokumen revisi ijazah yang telah disahkan oleh Bagian Akademik."""
"Bagaimana cara melacak status pengajuan Surat Kesalahan Penulisan Ijazah?,""Cek dashboard akun di http://surat-akademik.pnj.ac.id. Status akan update secara real-time. Jika status tidak berubah >24 jam, mohon ditunggu secara berkala."""
"Bagaimana prosedur Pembuatan Surat Keterangan Online Pernah Kuliah?,""Pertama, mahasiswa login ke http://surat-akademik.pnj.ac.id. 2. Pilih 'Surat Pernah Kuliah'. 3. Unggah marksheet/resume studi dalam format PDF. 4. Verifikasi otomatis data kehadiran dan status akademik (2 menit). 5. Surat diparaf Koordinator Kemahasiswaan (5 menit). 6. Tanda tangan digital Wadir I (10 menit). 7. Surat tersedia di sistem dalam 20 menit. Proses sesuai POS 767/PL3.AOT.01.02/2018."""
"Dokumen apa saja yang diperlukan untuk Surat Pernah Kuliah?,""1. Scan KTM/KTP, 2. Transkrip nilai tidak resmi, 3. Surat pernyataan keperluan dari instansi pemohon (jika diperlukan). Semua dokumen wajib bermaterai dan diunggah dalam 1 file PDF."""
"Apakah Surat Pernah Kuliah bisa digunakan untuk apply beasiswa?,""Ya, selama dilengkapi legalisir basah dari Bagian Kemahasiswaan. Legalisasi membutuhkan waktu 1 hari kerja setelah pengajuan surat online."""
"Bagaimana prosedur pengambilan Surat Pernah Kuliah dalam bentuk fisik?,""1. Cetak surat dari sistem. 2. Bawa ke Bagian Kemahasiswaan dengan menunjukkan KTP asli. 3. Staf akan membubuhkan stempel basah dan paraf koordinator. Proses pengambilan maksimal 10 menit."""
"Bagaimana prosedur Surat Pengunduran Diri sebagai Mahasiswa?,""1. Ajukan surat permohonan tertulis ke Jurusan. 2. Dapatkan persetujuan tertulis dari Orang Tua/Wali. 3. Jurusan meneruskan ke Wadir I untuk disposisi (1 hari kerja). 4. Bagian Akademik membuat SK Pengunduran (15 menit). 5. Tanda tangan Direktur (1 hari kerja). 6. Surat dikirim via email resmi dan pos tercatat. Proses mengacu POS 768/PL3.AOT.01.02/2018."""
"Apa konsekuensi akademik setelah pengunduran diri?,""1. Status diubah menjadi 'Non-Aktif' di PD Dikti. 2. Tidak bisa mengakses fasilitas kampus. 3. Jika ingin kembali, harus melalui proses seleksi ulang. 4. Biaya yang telah dibayar tidak dapat dikembalikan."""
"Berapa lama proses penerbitan SK Pengunduran Diri?,""Maksimal 3 hari kerja setelah semua dokumen lengkap. Jika ada tunggakan administrasi, proses ditunda hingga pelunasan."""
"Apakah pengunduran diri mempengaruhi status beasiswa?,""Ya. Semua hak beasiswa otomatis terhenti. Penerima KIP Kuliah wajib mengembalikan dana yang telah diterima dalam 30 hari setelah SK diterbitkan."""
"Bagaimana prosedur Pembuatan Surat Peringatan 3?,""1. Jurusan mengajukan usulan ke Wadir I setelah 2 surat peringatan sebelumnya. 2. Wadir I setujui dalam 1 hari kerja. 3. Bagian Akademik membuat draft (10 menit). 4. Paraf 3 level: Koordinator Akademik, Wadir I, Direktur (masing-masing 5 menit). 5. Surat dikirim ke mahasiswa dan orang tua via email+pos tercatat. Proses sesuai POS 769/PL3.AOT.01.02/2018."""
"Mengapa diterbitan Surat Peringatan 3 kepada mahasiswa?,""1. Ada bukti pelanggaran akademik berulang. 2. Telah menerima Surat Peringatan 1 dan 2. 3. Ada notulensi rapat jurusan yang merekomendasikan penerbitan. 4. Lampiran bukti pelanggaran (absensi/tindakan disiplin)."""
"Bagaimana mahasiswa bisa mengajukan keberatan atas Surat Peringatan 3?,""Ajukan banding ke Senat Akademik dalam 7 hari kerja setelah menerima surat. Proses verifikasi memakan waktu 14 hari kerja. Jika banding diterima, surat dicabut dan status diperbarui."""
"Apa implikasi Surat Peringatan 3 terhadap status mahasiswa?,""1. Tidak bisa mengikuti UTS/UAS berikutnya. 2. Akses SIAKad diblokir. 3. Berpotensi menerima SK DO jika tidak ada perbaikan dalam 30 hari. 4. Dikenakan sanksi administratif."""
"Berapa lama arsip Surat Peringatan 3 disimpan?,""Arsip elektronik disimpan selama 10 tahun di sistem akademik. Arsip fisik di Bagian Kemahasiswaan disimpan 5 tahun sesuai Peraturan Kearsipan PNJ No.09/2020."""
